PERMNO,date,TICKER,PRC
43449,2021-01-04,MCD,210.22000
43449,2021-01-05,MCD,211.48000
43449,2021-01-06,MCD,211.00000
43449,2021-01-07,MCD,211.98000
43449,2021-01-08,MCD,215.87000
43449,2021-01-11,MCD,214.23000
43449,2021-01-12,MCD,211.60001
43449,2021-01-13,MCD,212.09000
43449,2021-01-14,MCD,208.50000
43449,2021-01-15,MCD,209.91000
43449,2021-01-19,MCD,209.09000
43449,2021-01-20,MCD,213.63000
43449,2021-01-21,MCD,213.53000
43449,2021-01-22,MCD,213.38000
43449,2021-01-25,MCD,213.34000
43449,2021-01-26,MCD,215.38000
43449,2021-01-27,MCD,207.00000
43449,2021-01-28,MCD,206.82001
43449,2021-01-29,MCD,207.84000
43449,2021-02-01,MCD,207.92999
43449,2021-02-02,MCD,209.75999
43449,2021-02-03,MCD,208.71001
43449,2021-02-04,MCD,211.03000
43449,2021-02-05,MCD,212.58000
43449,2021-02-08,MCD,211.58000
43449,2021-02-09,MCD,215.98000
43449,2021-02-10,MCD,214.39999
43449,2021-02-11,MCD,214.27000
43449,2021-02-12,MCD,213.89999
43449,2021-02-16,MCD,215.03000
43449,2021-02-17,MCD,213.45000
43449,2021-02-18,MCD,215.42999
43449,2021-02-19,MCD,212.24001
43449,2021-02-22,MCD,212.06000
43449,2021-02-23,MCD,211.32001
43449,2021-02-24,MCD,213.27000
43449,2021-02-25,MCD,210.95000
43449,2021-02-26,MCD,206.14000
43449,2021-03-01,MCD,208.25000
43449,2021-03-02,MCD,208.67000
43449,2021-03-03,MCD,205.82001
43449,2021-03-04,MCD,204.84000
43449,2021-03-05,MCD,207.37000
43449,2021-03-08,MCD,209.11000
43449,2021-03-09,MCD,208.55000
43449,2021-03-10,MCD,213.31000
43449,2021-03-11,MCD,211.57001
43449,2021-03-12,MCD,212.34000
43449,2021-03-15,MCD,220.46001
43449,2021-03-16,MCD,219.86000
43449,2021-03-17,MCD,224.11000
43449,2021-03-18,MCD,222.89999
43449,2021-03-19,MCD,222.44000
43449,2021-03-22,MCD,225.07001
43449,2021-03-23,MCD,224.37000
43449,2021-03-24,MCD,224.05000
43449,2021-03-25,MCD,224.20000
43449,2021-03-26,MCD,225.21001
43449,2021-03-29,MCD,227.35001
43449,2021-03-30,MCD,224.98000
43449,2021-03-31,MCD,224.14000
43449,2021-04-01,MCD,225.21001
43449,2021-04-05,MCD,228.85001
43449,2021-04-06,MCD,231.91000
43449,2021-04-07,MCD,232.61000
43449,2021-04-08,MCD,230.25000
43449,2021-04-09,MCD,231.48000
43449,2021-04-12,MCD,230.96001
43449,2021-04-13,MCD,231.32001
43449,2021-04-14,MCD,230.31000
43449,2021-04-15,MCD,231.28000
43449,2021-04-16,MCD,233.08000
43449,2021-04-19,MCD,231.81000
43449,2021-04-20,MCD,233.00999
43449,2021-04-21,MCD,232.25999
43449,2021-04-22,MCD,232.96001
43449,2021-04-23,MCD,234.58000
43449,2021-04-26,MCD,232.31000
43449,2021-04-27,MCD,234.98000
43449,2021-04-28,MCD,232.41000
43449,2021-04-29,MCD,235.21001
43449,2021-04-30,MCD,236.08000
43449,2021-05-03,MCD,235.56000
43449,2021-05-04,MCD,233.86000
43449,2021-05-05,MCD,235.03999
43449,2021-05-06,MCD,234.86000
43449,2021-05-07,MCD,234.84000
43449,2021-05-10,MCD,237.11000
43449,2021-05-11,MCD,233.86000
43449,2021-05-12,MCD,227.94000
43449,2021-05-13,MCD,229.77000
43449,2021-05-14,MCD,231.72000
43449,2021-05-17,MCD,231.67999
43449,2021-05-18,MCD,231.92999
43449,2021-05-19,MCD,230.14999
43449,2021-05-20,MCD,232.17999
43449,2021-05-21,MCD,231.24001
43449,2021-05-24,MCD,231.91000
43449,2021-05-25,MCD,232.14000
43449,2021-05-26,MCD,232.35001
43449,2021-05-27,MCD,234.86000
43449,2021-05-28,MCD,233.89000
43449,2021-06-01,MCD,233.24001
43449,2021-06-02,MCD,233.78000
43449,2021-06-03,MCD,232.45000
43449,2021-06-04,MCD,233.38000
43449,2021-06-07,MCD,231.69000
43449,2021-06-08,MCD,232.64000
43449,2021-06-09,MCD,231.47000
43449,2021-06-10,MCD,234.59000
43449,2021-06-11,MCD,236.92999
43449,2021-06-14,MCD,236.98000
43449,2021-06-15,MCD,236.35001
43449,2021-06-16,MCD,235.58000
43449,2021-06-17,MCD,233.88000
43449,2021-06-18,MCD,229.62000
43449,2021-06-21,MCD,232.89999
43449,2021-06-22,MCD,233.88000
43449,2021-06-23,MCD,233.24001
43449,2021-06-24,MCD,233.33000
43449,2021-06-25,MCD,232.42000
43449,2021-06-28,MCD,231.09000
43449,2021-06-29,MCD,230.37000
43449,2021-06-30,MCD,230.99001
43449,2021-07-01,MCD,232.27000
43449,2021-07-02,MCD,233.63000
43449,2021-07-06,MCD,232.75000
43449,2021-07-07,MCD,234.63000
43449,2021-07-08,MCD,232.84000
43449,2021-07-09,MCD,235.67999
43449,2021-07-12,MCD,235.61000
43449,2021-07-13,MCD,236.17000
43449,2021-07-14,MCD,237.13000
43449,2021-07-15,MCD,236.88000
43449,2021-07-16,MCD,234.75000
43449,2021-07-19,MCD,229.25999
43449,2021-07-20,MCD,234.27000
43449,2021-07-21,MCD,235.92999
43449,2021-07-22,MCD,238.67000
43449,2021-07-23,MCD,242.96001
43449,2021-07-26,MCD,243.98000
43449,2021-07-27,MCD,246.35001
43449,2021-07-28,MCD,241.78000
43449,2021-07-29,MCD,244.02000
43449,2021-07-30,MCD,242.71001
43449,2021-08-02,MCD,240.10001
43449,2021-08-03,MCD,236.95000
43449,2021-08-04,MCD,234.83000
43449,2021-08-05,MCD,236.42000
43449,2021-08-06,MCD,236.25999
43449,2021-08-09,MCD,234.67999
43449,2021-08-10,MCD,233.45000
43449,2021-08-11,MCD,235.55000
43449,2021-08-12,MCD,236.67000
43449,2021-08-13,MCD,238.82001
43449,2021-08-16,MCD,240.97000
43449,2021-08-17,MCD,240.28000
43449,2021-08-18,MCD,238.08000
43449,2021-08-19,MCD,237.23000
43449,2021-08-20,MCD,238.49001
43449,2021-08-23,MCD,239.66000
43449,2021-08-24,MCD,238.42999
43449,2021-08-25,MCD,238.83000
43449,2021-08-26,MCD,236.95000
43449,2021-08-27,MCD,237.48000
43449,2021-08-30,MCD,236.59000
43449,2021-08-31,MCD,237.46001
43449,2021-09-01,MCD,238.14999
43449,2021-09-02,MCD,239.87000
43449,2021-09-03,MCD,238.82001
43449,2021-09-07,MCD,236.19000
43449,2021-09-08,MCD,238.62000
43449,2021-09-09,MCD,238.61000
43449,2021-09-10,MCD,239.17999
43449,2021-09-13,MCD,241.21001
43449,2021-09-14,MCD,241.13000
43449,2021-09-15,MCD,240.98000
43449,2021-09-16,MCD,243.21001
43449,2021-09-17,MCD,242.49001
43449,2021-09-20,MCD,239.09000
43449,2021-09-21,MCD,240.50000
43449,2021-09-22,MCD,243.13000
43449,2021-09-23,MCD,244.78000
43449,2021-09-24,MCD,246.42000
43449,2021-09-27,MCD,248.11000
43449,2021-09-28,MCD,243.77000
43449,2021-09-29,MCD,244.28000
43449,2021-09-30,MCD,241.11000
43449,2021-10-01,MCD,242.92999
43449,2021-10-04,MCD,243.08000
43449,2021-10-05,MCD,245.22000
43449,2021-10-06,MCD,247.10001
43449,2021-10-07,MCD,248.32001
43449,2021-10-08,MCD,247.70000
43449,2021-10-11,MCD,246.58000
43449,2021-10-12,MCD,244.52000
43449,2021-10-13,MCD,242.64999
43449,2021-10-14,MCD,244.55000
43449,2021-10-15,MCD,242.25000
43449,2021-10-18,MCD,242.25999
43449,2021-10-19,MCD,242.77000
43449,2021-10-20,MCD,239.72000
43449,2021-10-21,MCD,241.39999
43449,2021-10-22,MCD,238.44000
43449,2021-10-25,MCD,237.34000
43449,2021-10-26,MCD,236.42000
43449,2021-10-27,MCD,242.73000
43449,2021-10-28,MCD,245.50000
43449,2021-10-29,MCD,245.55000
43449,2021-11-01,MCD,250.58000
43449,2021-11-02,MCD,249.24001
43449,2021-11-03,MCD,250.39999
43449,2021-11-04,MCD,253.46001
43449,2021-11-05,MCD,254.71001
43449,2021-11-08,MCD,253.10001
43449,2021-11-09,MCD,252.64999
43449,2021-11-10,MCD,253.13000
43449,2021-11-11,MCD,250.16000
43449,2021-11-12,MCD,250.67000
43449,2021-11-15,MCD,252.94000
43449,2021-11-16,MCD,252.46001
43449,2021-11-17,MCD,252.69000
43449,2021-11-18,MCD,253.48000
43449,2021-11-19,MCD,251.95000
43449,2021-11-22,MCD,253.48000
43449,2021-11-23,MCD,255.64999
43449,2021-11-24,MCD,257.10999
43449,2021-11-26,MCD,250.00999
43449,2021-11-29,MCD,250.30000
43449,2021-11-30,MCD,244.60001
43449,2021-12-01,MCD,244.17999
43449,2021-12-02,MCD,248.80000
43449,2021-12-03,MCD,249.33000
43449,2021-12-06,MCD,255.78999
43449,2021-12-07,MCD,259.91000
43449,2021-12-08,MCD,259.57999
43449,2021-12-09,MCD,262.34000
43449,2021-12-10,MCD,264.97000
43449,2021-12-13,MCD,263.09000
43449,2021-12-14,MCD,262.51999
43449,2021-12-15,MCD,264.51999
43449,2021-12-16,MCD,265.54999
43449,2021-12-17,MCD,261.70001
43449,2021-12-20,MCD,261.73001
43449,2021-12-21,MCD,264.39001
43449,2021-12-22,MCD,264.94000
43449,2021-12-23,MCD,265.95001
43449,2021-12-27,MCD,268.23999
43449,2021-12-28,MCD,267.88000
43449,2021-12-29,MCD,268.48999
43449,2021-12-30,MCD,267.20999
43449,2021-12-31,MCD,268.07001
43449,2022-01-03,MCD,268.57999
43449,2022-01-04,MCD,268.51001
43449,2022-01-05,MCD,267.19000
43449,2022-01-06,MCD,269.69000
43449,2022-01-07,MCD,267.06000
43449,2022-01-10,MCD,264.41000
43449,2022-01-11,MCD,262.12000
43449,2022-01-12,MCD,260.92001
43449,2022-01-13,MCD,261.41000
43449,2022-01-14,MCD,257.70999
43449,2022-01-18,MCD,256.48001
43449,2022-01-19,MCD,255.22000
43449,2022-01-20,MCD,253.13000
43449,2022-01-21,MCD,254.59000
43449,2022-01-24,MCD,253.61000
43449,2022-01-25,MCD,250.67999
43449,2022-01-26,MCD,249.85001
43449,2022-01-27,MCD,248.74001
43449,2022-01-28,MCD,256.09000
43449,2022-01-31,MCD,259.45001
43449,2022-02-01,MCD,258.98999
43449,2022-02-02,MCD,262.28000
43449,2022-02-03,MCD,260.64001
43449,2022-02-04,MCD,260.06000
43449,2022-02-07,MCD,259.85001
43449,2022-02-08,MCD,260.07999
43449,2022-02-09,MCD,259.85999
43449,2022-02-10,MCD,256.87000
43449,2022-02-11,MCD,255.16000
43449,2022-02-14,MCD,253.39000
43449,2022-02-15,MCD,253.81000
43449,2022-02-16,MCD,253.09000
43449,2022-02-17,MCD,250.92999
43449,2022-02-18,MCD,250.60001
43449,2022-02-22,MCD,252.70000
43449,2022-02-23,MCD,247.78999
43449,2022-02-24,MCD,245.03000
43449,2022-02-25,MCD,249.45000
43449,2022-02-28,MCD,244.77000
43449,2022-03-01,MCD,239.63000
43449,2022-03-02,MCD,240.94000
43449,2022-03-03,MCD,236.64999
43449,2022-03-04,MCD,235.81000
43449,2022-03-07,MCD,224.33000
43449,2022-03-08,MCD,222.78999
43449,2022-03-09,MCD,222.47000
43449,2022-03-10,MCD,222.00000
43449,2022-03-11,MCD,226.87000
43449,2022-03-14,MCD,226.17999
43449,2022-03-15,MCD,232.57001
43449,2022-03-16,MCD,238.14000
43449,2022-03-17,MCD,237.47000
43449,2022-03-18,MCD,238.92000
43449,2022-03-21,MCD,235.32001
43449,2022-03-22,MCD,238.12000
43449,2022-03-23,MCD,236.12000
43449,2022-03-24,MCD,240.25999
43449,2022-03-25,MCD,241.58000
43449,2022-03-28,MCD,242.94000
43449,2022-03-29,MCD,248.17000
43449,2022-03-30,MCD,249.03000
43449,2022-03-31,MCD,247.28000
43449,2022-04-01,MCD,249.25000
43449,2022-04-04,MCD,246.83000
43449,2022-04-05,MCD,248.50999
43449,2022-04-06,MCD,251.46001
43449,2022-04-07,MCD,254.36000
43449,2022-04-08,MCD,251.46001
43449,2022-04-11,MCD,250.45000
43449,2022-04-12,MCD,249.17000
43449,2022-04-13,MCD,251.33000
43449,2022-04-14,MCD,250.50999
43449,2022-04-18,MCD,251.06000
43449,2022-04-19,MCD,255.39999
43449,2022-04-20,MCD,255.85001
43449,2022-04-21,MCD,255.25000
43449,2022-04-22,MCD,250.17000
43449,2022-04-25,MCD,252.88000
43449,2022-04-26,MCD,248.58000
43449,2022-04-27,MCD,247.14000
43449,2022-04-28,MCD,254.19000
43449,2022-04-29,MCD,249.16000
43449,2022-05-02,MCD,246.64000
43449,2022-05-03,MCD,245.87000
43449,2022-05-04,MCD,254.32001
43449,2022-05-05,MCD,248.92000
43449,2022-05-06,MCD,250.78000
43449,2022-05-09,MCD,247.49001
43449,2022-05-10,MCD,245.67999
43449,2022-05-11,MCD,244.42999
43449,2022-05-12,MCD,244.19000
43449,2022-05-13,MCD,245.03999
43449,2022-05-16,MCD,244.03999
43449,2022-05-17,MCD,241.63000
43449,2022-05-18,MCD,231.05000
43449,2022-05-19,MCD,229.00000
43449,2022-05-20,MCD,233.91000
43449,2022-05-23,MCD,238.00000
43449,2022-05-24,MCD,244.52000
43449,2022-05-25,MCD,244.00999
43449,2022-05-26,MCD,248.09000
43449,2022-05-27,MCD,251.87000
43449,2022-05-31,MCD,252.21001
43449,2022-06-01,MCD,249.28000
43449,2022-06-02,MCD,250.38000
43449,2022-06-03,MCD,248.36000
43449,2022-06-06,MCD,248.07001
43449,2022-06-07,MCD,248.94000
43449,2022-06-08,MCD,245.61000
43449,2022-06-09,MCD,242.16000
43449,2022-06-10,MCD,237.38000
43449,2022-06-13,MCD,238.47000
43449,2022-06-14,MCD,238.75999
43449,2022-06-15,MCD,238.89999
43449,2022-06-16,MCD,235.19000
43449,2022-06-17,MCD,234.38000
43449,2022-06-21,MCD,239.59000
43449,2022-06-22,MCD,243.06000
43449,2022-06-23,MCD,243.58000
43449,2022-06-24,MCD,247.89999
43449,2022-06-27,MCD,247.03000
43449,2022-06-28,MCD,242.83000
43449,2022-06-29,MCD,247.74001
43449,2022-06-30,MCD,246.88000
43449,2022-07-01,MCD,252.96001
43449,2022-07-05,MCD,252.28999
43449,2022-07-06,MCD,251.46001
43449,2022-07-07,MCD,252.94000
43449,2022-07-08,MCD,253.24001
43449,2022-07-11,MCD,253.28000
43449,2022-07-12,MCD,251.48000
43449,2022-07-13,MCD,252.67000
43449,2022-07-14,MCD,252.60001
43449,2022-07-15,MCD,255.00999
43449,2022-07-18,MCD,252.42000
43449,2022-07-19,MCD,256.50000
43449,2022-07-20,MCD,254.58000
43449,2022-07-21,MCD,253.47000
43449,2022-07-22,MCD,253.99001
43449,2022-07-25,MCD,250.38000
43449,2022-07-26,MCD,257.09000
43449,2022-07-27,MCD,258.89001
43449,2022-07-28,MCD,263.45999
43449,2022-07-29,MCD,263.37000
43449,2022-08-01,MCD,264.23001
43449,2022-08-02,MCD,261.04999
43449,2022-08-03,MCD,262.09000
43449,2022-08-04,MCD,260.64001
43449,2022-08-05,MCD,259.23001
43449,2022-08-08,MCD,256.79999
43449,2022-08-09,MCD,260.06000
43449,2022-08-10,MCD,261.35999
43449,2022-08-11,MCD,259.28000
43449,2022-08-12,MCD,262.17999
43449,2022-08-15,MCD,265.44000
43449,2022-08-16,MCD,266.29001
43449,2022-08-17,MCD,266.82001
43449,2022-08-18,MCD,266.57999
43449,2022-08-19,MCD,266.54001
43449,2022-08-22,MCD,262.95001
43449,2022-08-23,MCD,260.54001
43449,2022-08-24,MCD,260.85999
43449,2022-08-25,MCD,262.56000
43449,2022-08-26,MCD,256.95001
43449,2022-08-29,MCD,255.66000
43449,2022-08-30,MCD,253.49001
43449,2022-08-31,MCD,252.28000
43449,2022-09-01,MCD,256.47000
43449,2022-09-02,MCD,254.50999
43449,2022-09-06,MCD,254.39000
43449,2022-09-07,MCD,258.42001
43449,2022-09-08,MCD,260.07999
43449,2022-09-09,MCD,259.51999
43449,2022-09-12,MCD,260.37000
43449,2022-09-13,MCD,254.33000
43449,2022-09-14,MCD,255.72000
43449,2022-09-15,MCD,253.47000
43449,2022-09-16,MCD,254.91000
43449,2022-09-19,MCD,257.01001
43449,2022-09-20,MCD,255.39999
43449,2022-09-21,MCD,251.08000
43449,2022-09-22,MCD,247.94000
43449,2022-09-23,MCD,245.95000
43449,2022-09-26,MCD,243.75999
43449,2022-09-27,MCD,236.70000
43449,2022-09-28,MCD,236.94000
43449,2022-09-29,MCD,234.39999
43449,2022-09-30,MCD,230.74001
43449,2022-10-03,MCD,235.34000
43449,2022-10-04,MCD,238.50000
43449,2022-10-05,MCD,239.09000
43449,2022-10-06,MCD,234.75000
43449,2022-10-07,MCD,233.19000
43449,2022-10-10,MCD,234.95000
43449,2022-10-11,MCD,237.05000
43449,2022-10-12,MCD,237.06000
43449,2022-10-13,MCD,246.75000
43449,2022-10-14,MCD,243.16000
43449,2022-10-17,MCD,246.48000
43449,2022-10-18,MCD,249.19000
43449,2022-10-19,MCD,250.75000
43449,2022-10-20,MCD,249.77000
43449,2022-10-21,MCD,254.55000
43449,2022-10-24,MCD,255.32001
43449,2022-10-25,MCD,255.73000
43449,2022-10-26,MCD,256.60999
43449,2022-10-27,MCD,265.10999
43449,2022-10-28,MCD,274.51999
43449,2022-10-31,MCD,272.66000
43449,2022-11-01,MCD,272.95001
43449,2022-11-02,MCD,270.37000
43449,2022-11-03,MCD,272.95001
43449,2022-11-04,MCD,274.62000
43449,2022-11-07,MCD,276.41000
43449,2022-11-08,MCD,278.39999
43449,2022-11-09,MCD,277.79001
43449,2022-11-10,MCD,275.88000
43449,2022-11-11,MCD,271.39001
43449,2022-11-14,MCD,272.26999
43449,2022-11-15,MCD,267.84000
43449,2022-11-16,MCD,272.51001
43449,2022-11-17,MCD,273.35999
43449,2022-11-18,MCD,273.37000
43449,2022-11-21,MCD,274.51999
43449,2022-11-22,MCD,274.76001
43449,2022-11-23,MCD,273.26999
43449,2022-11-25,MCD,275.00000
43449,2022-11-28,MCD,272.88000
43449,2022-11-29,MCD,271.41000
43449,2022-11-30,MCD,272.79001
43449,2022-12-01,MCD,273.39999
43449,2022-12-02,MCD,273.39999
43449,2022-12-05,MCD,271.59000
43449,2022-12-06,MCD,271.76999
43449,2022-12-07,MCD,270.34000
43449,2022-12-08,MCD,273.39001
43449,2022-12-09,MCD,272.04001
43449,2022-12-12,MCD,276.62000
43449,2022-12-13,MCD,274.28000
43449,2022-12-14,MCD,274.53000
43449,2022-12-15,MCD,271.73001
43449,2022-12-16,MCD,266.12000
43449,2022-12-19,MCD,265.82999
43449,2022-12-20,MCD,267.25000
43449,2022-12-21,MCD,268.16000
43449,2022-12-22,MCD,265.76999
43449,2022-12-23,MCD,267.57001
43449,2022-12-27,MCD,266.84000
43449,2022-12-28,MCD,265.10999
43449,2022-12-29,MCD,265.92999
43449,2022-12-30,MCD,263.53000
43449,2023-01-03,MCD,264.32999
43449,2023-01-04,MCD,264.39001
43449,2023-01-05,MCD,262.16000
43449,2023-01-06,MCD,269.47000
43449,2023-01-09,MCD,267.25000
43449,2023-01-10,MCD,268.91000
43449,2023-01-11,MCD,268.81000
43449,2023-01-12,MCD,266.69000
43449,2023-01-13,MCD,268.89001
43449,2023-01-17,MCD,274.10999
43449,2023-01-18,MCD,266.04001
43449,2023-01-19,MCD,263.57999
43449,2023-01-20,MCD,268.57999
43449,2023-01-23,MCD,269.29001
43449,2023-01-24,MCD,269.56000
43449,2023-01-25,MCD,273.00000
43449,2023-01-26,MCD,274.72000
43449,2023-01-27,MCD,272.45999
43449,2023-01-30,MCD,270.89001
43449,2023-01-31,MCD,267.39999
43449,2023-02-01,MCD,266.26999
43449,2023-02-02,MCD,263.20999
43449,2023-02-03,MCD,264.23001
43449,2023-02-06,MCD,267.92001
43449,2023-02-07,MCD,267.34000
43449,2023-02-08,MCD,262.82001
43449,2023-02-09,MCD,260.66000
43449,2023-02-10,MCD,262.42001
43449,2023-02-13,MCD,266.20001
43449,2023-02-14,MCD,266.60999
43449,2023-02-15,MCD,266.56000
43449,2023-02-16,MCD,265.82999
43449,2023-02-17,MCD,269.98999
43449,2023-02-21,MCD,268.54999
43449,2023-02-22,MCD,268.64001
43449,2023-02-23,MCD,266.78000
43449,2023-02-24,MCD,263.67999
43449,2023-02-27,MCD,264.78000
43449,2023-02-28,MCD,263.91000
43449,2023-03-01,MCD,262.72000
43449,2023-03-02,MCD,267.57001
43449,2023-03-03,MCD,269.07001
43449,2023-03-06,MCD,270.64001
43449,2023-03-07,MCD,267.13000
43449,2023-03-08,MCD,265.32999
43449,2023-03-09,MCD,261.63000
43449,2023-03-10,MCD,262.03000
43449,2023-03-13,MCD,263.07999
43449,2023-03-14,MCD,265.89999
43449,2023-03-15,MCD,266.34000
43449,2023-03-16,MCD,270.57001
43449,2023-03-17,MCD,267.20001
43449,2023-03-20,MCD,270.73999
43449,2023-03-21,MCD,270.20999
43449,2023-03-22,MCD,267.87000
43449,2023-03-23,MCD,269.62000
43449,2023-03-24,MCD,271.32999
43449,2023-03-27,MCD,273.84000
43449,2023-03-28,MCD,275.85001
43449,2023-03-29,MCD,277.44000
43449,2023-03-30,MCD,277.79001
43449,2023-03-31,MCD,279.60999
43449,2023-04-03,MCD,282.14001
43449,2023-04-04,MCD,282.28000
43449,2023-04-05,MCD,282.01999
43449,2023-04-06,MCD,282.89001
43449,2023-04-10,MCD,283.78000
43449,2023-04-11,MCD,284.48001
43449,2023-04-12,MCD,285.29999
43449,2023-04-13,MCD,289.07001
43449,2023-04-14,MCD,288.98001
43449,2023-04-17,MCD,289.31000
43449,2023-04-18,MCD,290.91000
43449,2023-04-19,MCD,291.26999
43449,2023-04-20,MCD,291.00000
43449,2023-04-21,MCD,292.06000
43449,2023-04-24,MCD,293.20001
43449,2023-04-25,MCD,291.51001
43449,2023-04-26,MCD,289.76001
43449,2023-04-27,MCD,294.72000
43449,2023-04-28,MCD,295.75000
43449,2023-05-01,MCD,297.57999
43449,2023-05-02,MCD,298.07001
43449,2023-05-03,MCD,295.22000
43449,2023-05-04,MCD,295.16000
43449,2023-05-05,MCD,296.60001
43449,2023-05-08,MCD,296.69000
43449,2023-05-09,MCD,296.66000
43449,2023-05-10,MCD,296.57001
43449,2023-05-11,MCD,294.79001
43449,2023-05-12,MCD,296.14001
43449,2023-05-15,MCD,295.89999
43449,2023-05-16,MCD,294.14999
43449,2023-05-17,MCD,293.45999
43449,2023-05-18,MCD,294.04999
43449,2023-05-19,MCD,295.54999
43449,2023-05-22,MCD,289.35001
43449,2023-05-23,MCD,286.37000
43449,2023-05-24,MCD,285.92001
43449,2023-05-25,MCD,285.51999
43449,2023-05-26,MCD,286.04001
43449,2023-05-30,MCD,284.92001
43449,2023-05-31,MCD,285.10999
43449,2023-06-01,MCD,287.87000
43449,2023-06-02,MCD,289.91000
43449,2023-06-05,MCD,288.42999
43449,2023-06-06,MCD,284.54001
43449,2023-06-07,MCD,281.89999
43449,2023-06-08,MCD,285.78000
43449,2023-06-09,MCD,286.79001
43449,2023-06-12,MCD,288.57001
43449,2023-06-13,MCD,288.54999
43449,2023-06-14,MCD,288.44000
43449,2023-06-15,MCD,292.60999
43449,2023-06-16,MCD,293.70001
43449,2023-06-20,MCD,293.04001
43449,2023-06-21,MCD,294.51999
43449,2023-06-22,MCD,293.29999
43449,2023-06-23,MCD,289.91000
43449,2023-06-26,MCD,289.09000
43449,2023-06-27,MCD,291.29999
43449,2023-06-28,MCD,291.73999
43449,2023-06-29,MCD,294.47000
43449,2023-06-30,MCD,298.41000
43449,2023-07-03,MCD,294.84000
43449,2023-07-05,MCD,296.89999
43449,2023-07-06,MCD,294.92001
43449,2023-07-07,MCD,292.10001
43449,2023-07-10,MCD,294.48999
43449,2023-07-11,MCD,294.73999
43449,2023-07-12,MCD,295.60999
43449,2023-07-13,MCD,295.22000
43449,2023-07-14,MCD,294.94000
43449,2023-07-17,MCD,294.67999
43449,2023-07-18,MCD,293.82001
43449,2023-07-19,MCD,294.13000
43449,2023-07-20,MCD,297.13000
43449,2023-07-21,MCD,295.60999
43449,2023-07-24,MCD,295.31000
43449,2023-07-25,MCD,292.35999
43449,2023-07-26,MCD,291.75000
43449,2023-07-27,MCD,295.19000
43449,2023-07-28,MCD,294.03000
43449,2023-07-31,MCD,293.20001
43449,2023-08-01,MCD,291.07001
43449,2023-08-02,MCD,289.62000
43449,2023-08-03,MCD,291.01999
43449,2023-08-04,MCD,287.01999
43449,2023-08-07,MCD,291.39999
43449,2023-08-08,MCD,289.57999
43449,2023-08-09,MCD,288.23001
43449,2023-08-10,MCD,287.60001
43449,2023-08-11,MCD,288.62000
43449,2023-08-14,MCD,288.81000
43449,2023-08-15,MCD,288.29999
43449,2023-08-16,MCD,285.39999
43449,2023-08-17,MCD,281.85999
43449,2023-08-18,MCD,281.73999
43449,2023-08-21,MCD,280.04001
43449,2023-08-22,MCD,280.31000
43449,2023-08-23,MCD,281.87000
43449,2023-08-24,MCD,282.35001
43449,2023-08-25,MCD,284.57999
43449,2023-08-28,MCD,283.67999
43449,2023-08-29,MCD,283.59000
43449,2023-08-30,MCD,284.23999
43449,2023-08-31,MCD,281.14999
43449,2023-09-01,MCD,280.94000
43449,2023-09-05,MCD,279.16000
43449,2023-09-06,MCD,275.44000
43449,2023-09-07,MCD,278.32999
43449,2023-09-08,MCD,279.22000
43449,2023-09-11,MCD,279.76001
43449,2023-09-12,MCD,280.70999
43449,2023-09-13,MCD,281.76999
43449,2023-09-14,MCD,284.76001
43449,2023-09-15,MCD,278.23001
43449,2023-09-18,MCD,277.72000
43449,2023-09-19,MCD,278.13000
43449,2023-09-20,MCD,277.20001
43449,2023-09-21,MCD,271.22000
43449,2023-09-22,MCD,272.22000
43449,2023-09-25,MCD,269.78000
43449,2023-09-26,MCD,267.72000
43449,2023-09-27,MCD,263.64001
43449,2023-09-28,MCD,265.59000
43449,2023-09-29,MCD,263.44000
43449,2023-10-02,MCD,257.75000
43449,2023-10-03,MCD,254.49001
43449,2023-10-04,MCD,255.81000
43449,2023-10-05,MCD,252.23000
43449,2023-10-06,MCD,248.22000
43449,2023-10-09,MCD,249.92000
43449,2023-10-10,MCD,251.52000
43449,2023-10-11,MCD,250.92000
43449,2023-10-12,MCD,246.19000
43449,2023-10-13,MCD,248.31000
43449,2023-10-16,MCD,249.94000
43449,2023-10-17,MCD,251.14000
43449,2023-10-18,MCD,256.03000
43449,2023-10-19,MCD,258.38000
43449,2023-10-20,MCD,258.10999
43449,2023-10-23,MCD,254.75000
43449,2023-10-24,MCD,257.26999
43449,2023-10-25,MCD,258.03000
43449,2023-10-26,MCD,255.83000
43449,2023-10-27,MCD,255.75999
43449,2023-10-30,MCD,260.14999
43449,2023-10-31,MCD,262.17001
43449,2023-11-01,MCD,261.97000
43449,2023-11-02,MCD,266.85001
43449,2023-11-03,MCD,267.87000
43449,2023-11-06,MCD,268.91000
43449,2023-11-07,MCD,268.67001
43449,2023-11-08,MCD,267.48999
43449,2023-11-09,MCD,266.91000
43449,2023-11-10,MCD,267.79001
43449,2023-11-13,MCD,269.20001
43449,2023-11-14,MCD,271.48999
43449,2023-11-15,MCD,270.39001
43449,2023-11-16,MCD,276.12000
43449,2023-11-17,MCD,275.75000
43449,2023-11-20,MCD,279.03000
43449,2023-11-21,MCD,280.47000
43449,2023-11-22,MCD,281.92999
43449,2023-11-24,MCD,282.54001
43449,2023-11-27,MCD,281.84000
43449,2023-11-28,MCD,282.09000
43449,2023-11-29,MCD,280.38000
43449,2023-11-30,MCD,281.84000
43449,2023-12-01,MCD,285.95999
43449,2023-12-04,MCD,286.13000
43449,2023-12-05,MCD,286.54001
43449,2023-12-06,MCD,286.85999
43449,2023-12-07,MCD,286.79001
43449,2023-12-08,MCD,285.53000
43449,2023-12-11,MCD,289.14999
43449,2023-12-12,MCD,291.42001
43449,2023-12-13,MCD,295.92999
43449,2023-12-14,MCD,290.01999
43449,2023-12-15,MCD,287.26999
43449,2023-12-18,MCD,290.23001
43449,2023-12-19,MCD,290.73001
43449,2023-12-20,MCD,288.98999
43449,2023-12-21,MCD,291.39001
43449,2023-12-22,MCD,291.70001
43449,2023-12-26,MCD,292.85999
43449,2023-12-27,MCD,294.54999
43449,2023-12-28,MCD,295.84000
43449,2023-12-29,MCD,296.51001
43449,2024-01-02,MCD,297.04001
43449,2024-01-03,MCD,294.39001
43449,2024-01-04,MCD,291.73999
43449,2024-01-05,MCD,288.98999
43449,2024-01-08,MCD,291.89999
43449,2024-01-09,MCD,290.87000
43449,2024-01-10,MCD,294.09000
43449,2024-01-11,MCD,294.14999
43449,2024-01-12,MCD,293.47000
43449,2024-01-16,MCD,291.09000
43449,2024-01-17,MCD,291.16000
43449,2024-01-18,MCD,294.35999
43449,2024-01-19,MCD,300.53000
43449,2024-01-22,MCD,298.41000
43449,2024-01-23,MCD,300.04999
43449,2024-01-24,MCD,300.44000
43449,2024-01-25,MCD,297.20999
43449,2024-01-26,MCD,292.26001
43449,2024-01-29,MCD,292.31000
43449,2024-01-30,MCD,294.64999
43449,2024-01-31,MCD,292.72000
43449,2024-02-01,MCD,298.07999
43449,2024-02-02,MCD,297.04999
43449,2024-02-05,MCD,285.97000
43449,2024-02-06,MCD,284.64999
43449,2024-02-07,MCD,287.32999
43449,2024-02-08,MCD,291.92999
43449,2024-02-09,MCD,289.47000
43449,2024-02-12,MCD,289.44000
43449,2024-02-13,MCD,287.10999
43449,2024-02-14,MCD,288.17001
43449,2024-02-15,MCD,291.85999
43449,2024-02-16,MCD,292.01999
43449,2024-02-20,MCD,292.64999
43449,2024-02-21,MCD,293.91000
43449,2024-02-22,MCD,295.92001
43449,2024-02-23,MCD,297.75000
43449,2024-02-26,MCD,297.12000
43449,2024-02-27,MCD,293.76001
43449,2024-02-28,MCD,295.19000
43449,2024-02-29,MCD,292.28000
43449,2024-03-01,MCD,290.73001
43449,2024-03-04,MCD,290.94000
43449,2024-03-05,MCD,292.54001
43449,2024-03-06,MCD,292.92999
43449,2024-03-07,MCD,291.10999
43449,2024-03-08,MCD,292.54999
43449,2024-03-11,MCD,294.82001
43449,2024-03-12,MCD,294.31000
43449,2024-03-13,MCD,282.85999
43449,2024-03-14,MCD,281.73001
43449,2024-03-15,MCD,279.14001
43449,2024-03-18,MCD,278.57999
43449,2024-03-19,MCD,282.87000
43449,2024-03-20,MCD,284.45001
43449,2024-03-21,MCD,283.53000
43449,2024-03-22,MCD,282.63000
43449,2024-03-25,MCD,278.62000
43449,2024-03-26,MCD,278.62000
43449,2024-03-27,MCD,282.01999
43449,2024-03-28,MCD,281.95001
43449,2024-04-01,MCD,280.22000
43449,2024-04-02,MCD,277.73999
43449,2024-04-03,MCD,275.54001
43449,2024-04-04,MCD,270.09000
43449,2024-04-05,MCD,266.69000
43449,2024-04-08,MCD,267.56000
43449,2024-04-09,MCD,269.44000
43449,2024-04-10,MCD,268.67001
43449,2024-04-11,MCD,268.62000
43449,2024-04-12,MCD,267.39001
43449,2024-04-15,MCD,266.23001
43449,2024-04-16,MCD,265.42999
43449,2024-04-17,MCD,269.95001
43449,2024-04-18,MCD,270.98001
43449,2024-04-19,MCD,271.98999
43449,2024-04-22,MCD,275.57999
43449,2024-04-23,MCD,276.88000
43449,2024-04-24,MCD,276.75000
43449,2024-04-25,MCD,275.60001
43449,2024-04-26,MCD,273.09000
43449,2024-04-29,MCD,273.54999
43449,2024-04-30,MCD,273.04001
43449,2024-05-01,MCD,274.42999
43449,2024-05-02,MCD,273.28000
43449,2024-05-03,MCD,270.32001
43449,2024-05-06,MCD,269.29999
43449,2024-05-07,MCD,267.50000
43449,2024-05-08,MCD,268.48999
43449,2024-05-09,MCD,267.95001
43449,2024-05-10,MCD,275.00000
43449,2024-05-13,MCD,271.32001
43449,2024-05-14,MCD,270.66000
43449,2024-05-15,MCD,273.87000
43449,2024-05-16,MCD,273.51001
43449,2024-05-17,MCD,272.38000
43449,2024-05-20,MCD,267.87000
43449,2024-05-21,MCD,265.87000
43449,2024-05-22,MCD,265.76999
43449,2024-05-23,MCD,257.92999
43449,2024-05-24,MCD,258.10999
43449,2024-05-28,MCD,253.53999
43449,2024-05-29,MCD,249.37000
43449,2024-05-30,MCD,252.07001
43449,2024-05-31,MCD,258.89001
43449,2024-06-03,MCD,259.75000
43449,2024-06-04,MCD,262.72000
43449,2024-06-05,MCD,259.98999
43449,2024-06-06,MCD,260.72000
43449,2024-06-07,MCD,256.20999
43449,2024-06-10,MCD,253.81000
43449,2024-06-11,MCD,254.28000
43449,2024-06-12,MCD,254.48000
43449,2024-06-13,MCD,253.70000
43449,2024-06-14,MCD,253.58000
43449,2024-06-17,MCD,253.50999
43449,2024-06-18,MCD,250.78999
43449,2024-06-20,MCD,253.80000
43449,2024-06-21,MCD,259.39001
43449,2024-06-24,MCD,260.38000
43449,2024-06-25,MCD,257.38000
43449,2024-06-26,MCD,257.82999
43449,2024-06-27,MCD,258.17001
43449,2024-06-28,MCD,254.84000
43449,2024-07-01,MCD,249.99001
43449,2024-07-02,MCD,247.78999
43449,2024-07-03,MCD,250.00000
43449,2024-07-05,MCD,251.09000
43449,2024-07-08,MCD,247.85001
43449,2024-07-09,MCD,245.82001
43449,2024-07-10,MCD,250.49001
43449,2024-07-11,MCD,254.80000
43449,2024-07-12,MCD,253.89999
43449,2024-07-15,MCD,251.53000
43449,2024-07-16,MCD,257.26999
43449,2024-07-17,MCD,261.00000
43449,2024-07-18,MCD,259.51999
43449,2024-07-19,MCD,257.28000
43449,2024-07-22,MCD,259.54001
43449,2024-07-23,MCD,254.05000
43449,2024-07-24,MCD,253.37000
43449,2024-07-25,MCD,251.46001
43449,2024-07-26,MCD,252.00000
43449,2024-07-29,MCD,261.42001
43449,2024-07-30,MCD,266.44000
43449,2024-07-31,MCD,265.39999
43449,2024-08-01,MCD,268.75000
43449,2024-08-02,MCD,276.69000
43449,2024-08-05,MCD,268.45001
43449,2024-08-06,MCD,270.06000
43449,2024-08-07,MCD,269.37000
43449,2024-08-08,MCD,271.19000
43449,2024-08-09,MCD,267.91000
43449,2024-08-12,MCD,269.45999
43449,2024-08-13,MCD,270.31000
43449,2024-08-14,MCD,271.14999
43449,2024-08-15,MCD,274.87000
43449,2024-08-16,MCD,278.48999
43449,2024-08-19,MCD,287.54999
43449,2024-08-20,MCD,285.63000
43449,2024-08-21,MCD,289.70999
43449,2024-08-22,MCD,289.20999
43449,2024-08-23,MCD,289.51999
43449,2024-08-26,MCD,288.67999
43449,2024-08-27,MCD,289.64001
43449,2024-08-28,MCD,287.04999
43449,2024-08-29,MCD,287.85999
43449,2024-08-30,MCD,288.66000
43449,2024-09-03,MCD,285.51999
43449,2024-09-04,MCD,288.03000
43449,2024-09-05,MCD,287.97000
43449,2024-09-06,MCD,289.51001
43449,2024-09-09,MCD,291.29001
43449,2024-09-10,MCD,291.26999
43449,2024-09-11,MCD,290.23001
43449,2024-09-12,MCD,292.35001
43449,2024-09-13,MCD,296.53000
43449,2024-09-16,MCD,296.69000
43449,2024-09-17,MCD,293.75000
43449,2024-09-18,MCD,292.03000
43449,2024-09-19,MCD,293.85001
43449,2024-09-20,MCD,296.82999
43449,2024-09-23,MCD,299.06000
43449,2024-09-24,MCD,300.26999
43449,2024-09-25,MCD,300.47000
43449,2024-09-26,MCD,303.64999
43449,2024-09-27,MCD,303.69000
43449,2024-09-30,MCD,304.51001
43449,2024-10-01,MCD,302.98001
43449,2024-10-02,MCD,303.76001
43449,2024-10-03,MCD,303.45001
43449,2024-10-04,MCD,303.76001
43449,2024-10-07,MCD,300.85001
43449,2024-10-08,MCD,301.89999
43449,2024-10-09,MCD,303.82999
43449,2024-10-10,MCD,304.04001
43449,2024-10-11,MCD,305.04001
43449,2024-10-14,MCD,309.84000
43449,2024-10-15,MCD,313.34000
43449,2024-10-16,MCD,312.92001
43449,2024-10-17,MCD,314.70001
43449,2024-10-18,MCD,316.56000
43449,2024-10-21,MCD,314.89001
43449,2024-10-22,MCD,314.69000
43449,2024-10-23,MCD,298.57001
43449,2024-10-24,MCD,301.57999
43449,2024-10-25,MCD,292.60999
43449,2024-10-28,MCD,296.79001
43449,2024-10-29,MCD,295.00000
43449,2024-10-30,MCD,291.51999
43449,2024-10-31,MCD,292.10999
43449,2024-11-01,MCD,295.20999
43449,2024-11-04,MCD,292.85001
43449,2024-11-05,MCD,297.32001
43449,2024-11-06,MCD,294.00000
43449,2024-11-07,MCD,294.66000
43449,2024-11-08,MCD,298.97000
43449,2024-11-11,MCD,301.53000
43449,2024-11-12,MCD,298.64999
43449,2024-11-13,MCD,297.35001
43449,2024-11-14,MCD,298.56000
43449,2024-11-15,MCD,292.63000
43449,2024-11-18,MCD,291.10001
43449,2024-11-19,MCD,290.73001
43449,2024-11-20,MCD,290.91000
43449,2024-11-21,MCD,288.47000
43449,2024-11-22,MCD,290.28000
43449,2024-11-25,MCD,296.19000
43449,2024-11-26,MCD,296.32999
43449,2024-11-27,MCD,295.07999
43449,2024-11-29,MCD,296.01001
43449,2024-12-02,MCD,292.44000
43449,2024-12-03,MCD,294.50000
43449,2024-12-04,MCD,295.09000
43449,2024-12-05,MCD,299.47000
43449,2024-12-06,MCD,298.98001
43449,2024-12-09,MCD,301.37000
43449,2024-12-10,MCD,300.70999
43449,2024-12-11,MCD,296.10001
43449,2024-12-12,MCD,296.63000
43449,2024-12-13,MCD,296.60001
43449,2024-12-16,MCD,297.70999
43449,2024-12-17,MCD,296.07999
43449,2024-12-18,MCD,290.88000
43449,2024-12-19,MCD,290.23001
43449,2024-12-20,MCD,292.67999
43449,2024-12-23,MCD,291.29001
43449,2024-12-24,MCD,293.98999
43449,2024-12-26,MCD,294.79999
43449,2024-12-27,MCD,293.62000
43449,2024-12-30,MCD,289.60001
43449,2024-12-31,MCD,289.89001
85348,2021-01-04,YUM,105.82000
85348,2021-01-05,YUM,105.83000
85348,2021-01-06,YUM,106.41000
85348,2021-01-07,YUM,105.60000
85348,2021-01-08,YUM,107.15000
85348,2021-01-11,YUM,107.67000
85348,2021-01-12,YUM,107.67000
85348,2021-01-13,YUM,107.15000
85348,2021-01-14,YUM,107.78000
85348,2021-01-15,YUM,106.62000
85348,2021-01-19,YUM,107.39000
85348,2021-01-20,YUM,109.41000
85348,2021-01-21,YUM,107.88000
85348,2021-01-22,YUM,107.09000
85348,2021-01-25,YUM,105.26000
85348,2021-01-26,YUM,106.34000
85348,2021-01-27,YUM,102.02000
85348,2021-01-28,YUM,102.53000
85348,2021-01-29,YUM,101.49000
85348,2021-02-01,YUM,103.06000
85348,2021-02-02,YUM,106.30000
85348,2021-02-03,YUM,104.73000
85348,2021-02-04,YUM,102.99000
85348,2021-02-05,YUM,105.34000
85348,2021-02-08,YUM,103.36000
85348,2021-02-09,YUM,103.12000
85348,2021-02-10,YUM,104.82000
85348,2021-02-11,YUM,105.48000
85348,2021-02-12,YUM,105.47000
85348,2021-02-16,YUM,105.60000
85348,2021-02-17,YUM,104.34000
85348,2021-02-18,YUM,105.37000
85348,2021-02-19,YUM,105.13000
85348,2021-02-22,YUM,105.01000
85348,2021-02-23,YUM,104.65000
85348,2021-02-24,YUM,104.68000
85348,2021-02-25,YUM,104.70000
85348,2021-02-26,YUM,103.53000
85348,2021-03-01,YUM,104.51000
85348,2021-03-02,YUM,104.74000
85348,2021-03-03,YUM,103.51000
85348,2021-03-04,YUM,103.57000
85348,2021-03-05,YUM,104.33000
85348,2021-03-08,YUM,104.14000
85348,2021-03-09,YUM,102.68000
85348,2021-03-10,YUM,104.61000
85348,2021-03-11,YUM,104.63000
85348,2021-03-12,YUM,104.81000
85348,2021-03-15,YUM,107.99000
85348,2021-03-16,YUM,108.80000
85348,2021-03-17,YUM,111.02000
85348,2021-03-18,YUM,108.31000
85348,2021-03-19,YUM,107.96000
85348,2021-03-22,YUM,108.75000
85348,2021-03-23,YUM,108.00000
85348,2021-03-24,YUM,107.08000
85348,2021-03-25,YUM,107.38000
85348,2021-03-26,YUM,108.06000
85348,2021-03-29,YUM,109.21000
85348,2021-03-30,YUM,109.77000
85348,2021-03-31,YUM,108.18000
85348,2021-04-01,YUM,109.80000
85348,2021-04-05,YUM,110.64000
85348,2021-04-06,YUM,114.08000
85348,2021-04-07,YUM,114.05000
85348,2021-04-08,YUM,114.66000
85348,2021-04-09,YUM,114.96000
85348,2021-04-12,YUM,116.42000
85348,2021-04-13,YUM,117.45000
85348,2021-04-14,YUM,118.16000
85348,2021-04-15,YUM,117.61000
85348,2021-04-16,YUM,118.06000
85348,2021-04-19,YUM,117.71000
85348,2021-04-20,YUM,117.96000
85348,2021-04-21,YUM,117.45000
85348,2021-04-22,YUM,117.82000
85348,2021-04-23,YUM,117.72000
85348,2021-04-26,YUM,115.68000
85348,2021-04-27,YUM,116.41000
85348,2021-04-28,YUM,117.57000
85348,2021-04-29,YUM,118.91000
85348,2021-04-30,YUM,119.52000
85348,2021-05-03,YUM,119.98000
85348,2021-05-04,YUM,119.37000
85348,2021-05-05,YUM,121.09000
85348,2021-05-06,YUM,121.29000
85348,2021-05-07,YUM,121.23000
85348,2021-05-10,YUM,121.92000
85348,2021-05-11,YUM,119.15000
85348,2021-05-12,YUM,117.15000
85348,2021-05-13,YUM,118.09000
85348,2021-05-14,YUM,119.27000
85348,2021-05-17,YUM,118.65000
85348,2021-05-18,YUM,119.29000
85348,2021-05-19,YUM,118.71000
85348,2021-05-20,YUM,119.94000
85348,2021-05-21,YUM,119.71000
85348,2021-05-24,YUM,120.52000
85348,2021-05-25,YUM,120.60000
85348,2021-05-26,YUM,120.49000
85348,2021-05-27,YUM,120.09000
85348,2021-05-28,YUM,119.97000
85348,2021-06-01,YUM,119.90000
85348,2021-06-02,YUM,119.24000
85348,2021-06-03,YUM,118.72000
85348,2021-06-04,YUM,118.77000
85348,2021-06-07,YUM,118.32000
85348,2021-06-08,YUM,119.06000
85348,2021-06-09,YUM,117.53000
85348,2021-06-10,YUM,118.71000
85348,2021-06-11,YUM,119.65000
85348,2021-06-14,YUM,118.06000
85348,2021-06-15,YUM,118.57000
85348,2021-06-16,YUM,118.14000
85348,2021-06-17,YUM,116.84000
85348,2021-06-18,YUM,114.64000
85348,2021-06-21,YUM,116.76000
85348,2021-06-22,YUM,117.50000
85348,2021-06-23,YUM,116.94000
85348,2021-06-24,YUM,116.99000
85348,2021-06-25,YUM,117.25000
85348,2021-06-28,YUM,116.11000
85348,2021-06-29,YUM,115.56000
85348,2021-06-30,YUM,115.03000
85348,2021-07-01,YUM,116.01000
85348,2021-07-02,YUM,116.95000
85348,2021-07-06,YUM,116.25000
85348,2021-07-07,YUM,117.82000
85348,2021-07-08,YUM,117.32000
85348,2021-07-09,YUM,118.58000
85348,2021-07-12,YUM,117.87000
85348,2021-07-13,YUM,117.09000
85348,2021-07-14,YUM,117.12000
85348,2021-07-15,YUM,116.99000
85348,2021-07-16,YUM,115.85000
85348,2021-07-19,YUM,113.45000
85348,2021-07-20,YUM,116.16000
85348,2021-07-21,YUM,116.77000
85348,2021-07-22,YUM,120.26000
85348,2021-07-23,YUM,122.79000
85348,2021-07-26,YUM,123.45000
85348,2021-07-27,YUM,125.48000
85348,2021-07-28,YUM,122.61000
85348,2021-07-29,YUM,130.31000
85348,2021-07-30,YUM,131.39000
85348,2021-08-02,YUM,132.39000
85348,2021-08-03,YUM,133.42000
85348,2021-08-04,YUM,133.52000
85348,2021-08-05,YUM,133.64000
85348,2021-08-06,YUM,134.03000
85348,2021-08-09,YUM,133.20000
85348,2021-08-10,YUM,133.05000
85348,2021-08-11,YUM,134.05000
85348,2021-08-12,YUM,133.36000
85348,2021-08-13,YUM,134.96001
85348,2021-08-16,YUM,135.12000
85348,2021-08-17,YUM,134.92000
85348,2021-08-18,YUM,134.39000
85348,2021-08-19,YUM,133.96001
85348,2021-08-20,YUM,134.46001
85348,2021-08-23,YUM,134.89999
85348,2021-08-24,YUM,133.53999
85348,2021-08-25,YUM,134.44000
85348,2021-08-26,YUM,131.39999
85348,2021-08-27,YUM,131.70000
85348,2021-08-30,YUM,130.69000
85348,2021-08-31,YUM,131.03000
85348,2021-09-01,YUM,131.55000
85348,2021-09-02,YUM,131.27000
85348,2021-09-03,YUM,130.92000
85348,2021-09-07,YUM,128.83000
85348,2021-09-08,YUM,130.19000
85348,2021-09-09,YUM,129.25000
85348,2021-09-10,YUM,129.89000
85348,2021-09-13,YUM,129.05000
85348,2021-09-14,YUM,128.99001
85348,2021-09-15,YUM,128.49001
85348,2021-09-16,YUM,127.94000
85348,2021-09-17,YUM,127.09000
85348,2021-09-20,YUM,125.59000
85348,2021-09-21,YUM,124.85000
85348,2021-09-22,YUM,125.55000
85348,2021-09-23,YUM,124.98000
85348,2021-09-24,YUM,125.52000
85348,2021-09-27,YUM,125.57000
85348,2021-09-28,YUM,122.54000
85348,2021-09-29,YUM,123.04000
85348,2021-09-30,YUM,122.31000
85348,2021-10-01,YUM,123.64000
85348,2021-10-04,YUM,123.04000
85348,2021-10-05,YUM,123.60000
85348,2021-10-06,YUM,123.66000
85348,2021-10-07,YUM,125.22000
85348,2021-10-08,YUM,123.39000
85348,2021-10-11,YUM,122.00000
85348,2021-10-12,YUM,122.36000
85348,2021-10-13,YUM,123.52000
85348,2021-10-14,YUM,125.05000
85348,2021-10-15,YUM,125.21000
85348,2021-10-18,YUM,126.45000
85348,2021-10-19,YUM,125.71000
85348,2021-10-20,YUM,125.88000
85348,2021-10-21,YUM,126.78000
85348,2021-10-22,YUM,126.57000
85348,2021-10-25,YUM,125.94000
85348,2021-10-26,YUM,126.18000
85348,2021-10-27,YUM,125.79000
85348,2021-10-28,YUM,125.88000
85348,2021-10-29,YUM,124.94000
85348,2021-11-01,YUM,126.53000
85348,2021-11-02,YUM,124.42000
85348,2021-11-03,YUM,124.05000
85348,2021-11-04,YUM,125.40000
85348,2021-11-05,YUM,126.68000
85348,2021-11-08,YUM,126.22000
85348,2021-11-09,YUM,126.19000
85348,2021-11-10,YUM,125.80000
85348,2021-11-11,YUM,124.42000
85348,2021-11-12,YUM,125.22000
85348,2021-11-15,YUM,126.59000
85348,2021-11-16,YUM,127.07000
85348,2021-11-17,YUM,127.55000
85348,2021-11-18,YUM,127.01000
85348,2021-11-19,YUM,126.96000
85348,2021-11-22,YUM,126.47000
85348,2021-11-23,YUM,126.59000
85348,2021-11-24,YUM,126.88000
85348,2021-11-26,YUM,124.20000
85348,2021-11-29,YUM,125.25000
85348,2021-11-30,YUM,122.84000
85348,2021-12-01,YUM,123.22000
85348,2021-12-02,YUM,126.53000
85348,2021-12-03,YUM,124.83000
85348,2021-12-06,YUM,128.87000
85348,2021-12-07,YUM,131.30000
85348,2021-12-08,YUM,131.74001
85348,2021-12-09,YUM,133.12000
85348,2021-12-10,YUM,133.87000
85348,2021-12-13,YUM,132.14000
85348,2021-12-14,YUM,131.99001
85348,2021-12-15,YUM,132.42000
85348,2021-12-16,YUM,133.59000
85348,2021-12-17,YUM,131.92999
85348,2021-12-20,YUM,131.57001
85348,2021-12-21,YUM,133.37000
85348,2021-12-22,YUM,134.63000
85348,2021-12-23,YUM,135.34000
85348,2021-12-27,YUM,138.00999
85348,2021-12-28,YUM,137.98000
85348,2021-12-29,YUM,138.66000
85348,2021-12-30,YUM,138.39000
85348,2021-12-31,YUM,138.86000
85348,2022-01-03,YUM,136.53000
85348,2022-01-04,YUM,137.25999
85348,2022-01-05,YUM,135.52000
85348,2022-01-06,YUM,136.92000
85348,2022-01-07,YUM,135.35001
85348,2022-01-10,YUM,133.46001
85348,2022-01-11,YUM,130.66000
85348,2022-01-12,YUM,129.14999
85348,2022-01-13,YUM,128.81000
85348,2022-01-14,YUM,127.06000
85348,2022-01-18,YUM,126.38000
85348,2022-01-19,YUM,124.50000
85348,2022-01-20,YUM,123.62000
85348,2022-01-21,YUM,124.24000
85348,2022-01-24,YUM,126.34000
85348,2022-01-25,YUM,122.05000
85348,2022-01-26,YUM,120.14000
85348,2022-01-27,YUM,119.82000
85348,2022-01-28,YUM,122.24000
85348,2022-01-31,YUM,125.17000
85348,2022-02-01,YUM,123.58000
85348,2022-02-02,YUM,125.19000
85348,2022-02-03,YUM,125.35000
85348,2022-02-04,YUM,125.27000
85348,2022-02-07,YUM,125.08000
85348,2022-02-08,YUM,124.97000
85348,2022-02-09,YUM,127.70000
85348,2022-02-10,YUM,124.15000
85348,2022-02-11,YUM,122.07000
85348,2022-02-14,YUM,121.40000
85348,2022-02-15,YUM,123.00000
85348,2022-02-16,YUM,123.35000
85348,2022-02-17,YUM,123.48000
85348,2022-02-18,YUM,125.80000
85348,2022-02-22,YUM,124.07000
85348,2022-02-23,YUM,121.59000
85348,2022-02-24,YUM,121.36000
85348,2022-02-25,YUM,123.72000
85348,2022-02-28,YUM,122.58000
85348,2022-03-01,YUM,120.02000
85348,2022-03-02,YUM,122.00000
85348,2022-03-03,YUM,119.70000
85348,2022-03-04,YUM,118.73000
85348,2022-03-07,YUM,113.30000
85348,2022-03-08,YUM,115.24000
85348,2022-03-09,YUM,116.02000
85348,2022-03-10,YUM,115.82000
85348,2022-03-11,YUM,116.26000
85348,2022-03-14,YUM,113.42000
85348,2022-03-15,YUM,114.65000
85348,2022-03-16,YUM,119.55000
85348,2022-03-17,YUM,119.03000
85348,2022-03-18,YUM,121.99000
85348,2022-03-21,YUM,118.54000
85348,2022-03-22,YUM,118.67000
85348,2022-03-23,YUM,115.96000
85348,2022-03-24,YUM,119.70000
85348,2022-03-25,YUM,119.62000
85348,2022-03-28,YUM,121.19000
85348,2022-03-29,YUM,122.22000
85348,2022-03-30,YUM,120.84000
85348,2022-03-31,YUM,118.53000
85348,2022-04-01,YUM,118.82000
85348,2022-04-04,YUM,117.70000
85348,2022-04-05,YUM,117.64000
85348,2022-04-06,YUM,118.62000
85348,2022-04-07,YUM,120.40000
85348,2022-04-08,YUM,119.17000
85348,2022-04-11,YUM,118.31000
85348,2022-04-12,YUM,119.89000
85348,2022-04-13,YUM,121.87000
85348,2022-04-14,YUM,122.97000
85348,2022-04-18,YUM,123.17000
85348,2022-04-19,YUM,124.64000
85348,2022-04-20,YUM,125.70000
85348,2022-04-21,YUM,124.44000
85348,2022-04-22,YUM,122.40000
85348,2022-04-25,YUM,121.27000
85348,2022-04-26,YUM,116.69000
85348,2022-04-27,YUM,116.90000
85348,2022-04-28,YUM,119.52000
85348,2022-04-29,YUM,117.01000
85348,2022-05-02,YUM,115.76000
85348,2022-05-03,YUM,115.07000
85348,2022-05-04,YUM,118.49000
85348,2022-05-05,YUM,115.62000
85348,2022-05-06,YUM,115.39000
85348,2022-05-09,YUM,110.10000
85348,2022-05-10,YUM,110.74000
85348,2022-05-11,YUM,108.90000
85348,2022-05-12,YUM,110.51000
85348,2022-05-13,YUM,112.83000
85348,2022-05-16,YUM,112.18000
85348,2022-05-17,YUM,112.47000
85348,2022-05-18,YUM,109.46000
85348,2022-05-19,YUM,109.97000
85348,2022-05-20,YUM,111.92000
85348,2022-05-23,YUM,113.82000
85348,2022-05-24,YUM,114.07000
85348,2022-05-25,YUM,115.59000
85348,2022-05-26,YUM,117.76000
85348,2022-05-27,YUM,119.77000
85348,2022-05-31,YUM,121.47000
85348,2022-06-01,YUM,119.42000
85348,2022-06-02,YUM,120.30000
85348,2022-06-03,YUM,118.62000
85348,2022-06-06,YUM,119.38000
85348,2022-06-07,YUM,120.21000
85348,2022-06-08,YUM,120.51000
85348,2022-06-09,YUM,117.32000
85348,2022-06-10,YUM,114.41000
85348,2022-06-13,YUM,111.09000
85348,2022-06-14,YUM,110.23000
85348,2022-06-15,YUM,111.90000
85348,2022-06-16,YUM,109.14000
85348,2022-06-17,YUM,109.50000
85348,2022-06-21,YUM,111.57000
85348,2022-06-22,YUM,111.46000
85348,2022-06-23,YUM,112.33000
85348,2022-06-24,YUM,114.42000
85348,2022-06-27,YUM,116.24000
85348,2022-06-28,YUM,113.48000
85348,2022-06-29,YUM,113.83000
85348,2022-06-30,YUM,113.51000
85348,2022-07-01,YUM,116.71000
85348,2022-07-05,YUM,117.33000
85348,2022-07-06,YUM,116.83000
85348,2022-07-07,YUM,117.74000
85348,2022-07-08,YUM,117.28000
85348,2022-07-11,YUM,116.54000
85348,2022-07-12,YUM,115.83000
85348,2022-07-13,YUM,117.01000
85348,2022-07-14,YUM,116.85000
85348,2022-07-15,YUM,118.15000
85348,2022-07-18,YUM,118.48000
85348,2022-07-19,YUM,119.91000
85348,2022-07-20,YUM,120.81000
85348,2022-07-21,YUM,120.25000
85348,2022-07-22,YUM,119.45000
85348,2022-07-25,YUM,117.05000
85348,2022-07-26,YUM,117.84000
85348,2022-07-27,YUM,120.51000
85348,2022-07-28,YUM,122.71000
85348,2022-07-29,YUM,122.54000
85348,2022-08-01,YUM,122.74000
85348,2022-08-02,YUM,122.13000
85348,2022-08-03,YUM,119.81000
85348,2022-08-04,YUM,120.02000
85348,2022-08-05,YUM,118.42000
85348,2022-08-08,YUM,118.50000
85348,2022-08-09,YUM,116.93000
85348,2022-08-10,YUM,119.18000
85348,2022-08-11,YUM,117.71000
85348,2022-08-12,YUM,118.16000
85348,2022-08-15,YUM,118.24000
85348,2022-08-16,YUM,119.04000
85348,2022-08-17,YUM,119.11000
85348,2022-08-18,YUM,117.95000
85348,2022-08-19,YUM,116.65000
85348,2022-08-22,YUM,114.74000
85348,2022-08-23,YUM,114.71000
85348,2022-08-24,YUM,114.67000
85348,2022-08-25,YUM,116.82000
85348,2022-08-26,YUM,112.16000
85348,2022-08-29,YUM,112.21000
85348,2022-08-30,YUM,110.78000
85348,2022-08-31,YUM,111.24000
85348,2022-09-01,YUM,114.26000
85348,2022-09-02,YUM,112.74000
85348,2022-09-06,YUM,112.56000
85348,2022-09-07,YUM,115.32000
85348,2022-09-08,YUM,116.36000
85348,2022-09-09,YUM,116.09000
85348,2022-09-12,YUM,117.26000
85348,2022-09-13,YUM,113.58000
85348,2022-09-14,YUM,114.82000
85348,2022-09-15,YUM,115.16000
85348,2022-09-16,YUM,115.72000
85348,2022-09-19,YUM,116.16000
85348,2022-09-20,YUM,115.25000
85348,2022-09-21,YUM,112.57000
85348,2022-09-22,YUM,110.79000
85348,2022-09-23,YUM,110.65000
85348,2022-09-26,YUM,109.16000
85348,2022-09-27,YUM,107.77000
85348,2022-09-28,YUM,108.12000
85348,2022-09-29,YUM,107.21000
85348,2022-09-30,YUM,106.34000
85348,2022-10-03,YUM,109.11000
85348,2022-10-04,YUM,111.41000
85348,2022-10-05,YUM,112.33000
85348,2022-10-06,YUM,110.12000
85348,2022-10-07,YUM,108.93000
85348,2022-10-10,YUM,107.79000
85348,2022-10-11,YUM,105.25000
85348,2022-10-12,YUM,105.54000
85348,2022-10-13,YUM,109.68000
85348,2022-10-14,YUM,106.77000
85348,2022-10-17,YUM,109.98000
85348,2022-10-18,YUM,111.48000
85348,2022-10-19,YUM,110.45000
85348,2022-10-20,YUM,109.66000
85348,2022-10-21,YUM,111.03000
85348,2022-10-24,YUM,108.77000
85348,2022-10-25,YUM,111.24000
85348,2022-10-26,YUM,112.27000
85348,2022-10-27,YUM,113.91000
85348,2022-10-28,YUM,117.88000
85348,2022-10-31,YUM,118.25000
85348,2022-11-01,YUM,118.15000
85348,2022-11-02,YUM,117.37000
85348,2022-11-03,YUM,119.50000
85348,2022-11-04,YUM,121.78000
85348,2022-11-07,YUM,122.51000
85348,2022-11-08,YUM,122.38000
85348,2022-11-09,YUM,122.05000
85348,2022-11-10,YUM,124.13000
85348,2022-11-11,YUM,123.33000
85348,2022-11-14,YUM,122.60000
85348,2022-11-15,YUM,123.31000
85348,2022-11-16,YUM,123.96000
85348,2022-11-17,YUM,122.77000
85348,2022-11-18,YUM,124.61000
85348,2022-11-21,YUM,124.02000
85348,2022-11-22,YUM,124.94000
85348,2022-11-23,YUM,125.93000
85348,2022-11-25,YUM,126.53000
85348,2022-11-28,YUM,126.45000
85348,2022-11-29,YUM,126.04000
85348,2022-11-30,YUM,128.66000
85348,2022-12-01,YUM,129.19000
85348,2022-12-02,YUM,129.67999
85348,2022-12-05,YUM,130.91000
85348,2022-12-06,YUM,130.62000
85348,2022-12-07,YUM,128.27000
85348,2022-12-08,YUM,129.85001
85348,2022-12-09,YUM,127.71000
85348,2022-12-12,YUM,129.64000
85348,2022-12-13,YUM,130.14999
85348,2022-12-14,YUM,131.22000
85348,2022-12-15,YUM,130.45000
85348,2022-12-16,YUM,129.37000
85348,2022-12-19,YUM,128.38000
85348,2022-12-20,YUM,128.59000
85348,2022-12-21,YUM,128.78000
85348,2022-12-22,YUM,128.82001
85348,2022-12-23,YUM,128.89999
85348,2022-12-27,YUM,129.89999
85348,2022-12-28,YUM,129.31000
85348,2022-12-29,YUM,129.99001
85348,2022-12-30,YUM,128.08000
85348,2023-01-03,YUM,126.96000
85348,2023-01-04,YUM,128.67999
85348,2023-01-05,YUM,127.70000
85348,2023-01-06,YUM,130.28999
85348,2023-01-09,YUM,129.75999
85348,2023-01-10,YUM,129.39999
85348,2023-01-11,YUM,129.69000
85348,2023-01-12,YUM,128.89000
85348,2023-01-13,YUM,130.22000
85348,2023-01-17,YUM,130.33000
85348,2023-01-18,YUM,128.72000
85348,2023-01-19,YUM,126.05000
85348,2023-01-20,YUM,126.63000
85348,2023-01-23,YUM,126.67000
85348,2023-01-24,YUM,128.50999
85348,2023-01-25,YUM,129.20000
85348,2023-01-26,YUM,129.03999
85348,2023-01-27,YUM,128.13000
85348,2023-01-30,YUM,129.03999
85348,2023-01-31,YUM,130.50999
85348,2023-02-01,YUM,129.00999
85348,2023-02-02,YUM,128.21001
85348,2023-02-03,YUM,127.01000
85348,2023-02-06,YUM,129.06000
85348,2023-02-07,YUM,129.34000
85348,2023-02-08,YUM,131.42000
85348,2023-02-09,YUM,131.16000
85348,2023-02-10,YUM,131.31000
85348,2023-02-13,YUM,132.52000
85348,2023-02-14,YUM,130.83000
85348,2023-02-15,YUM,131.67000
85348,2023-02-16,YUM,131.72000
85348,2023-02-17,YUM,132.03999
85348,2023-02-21,YUM,130.61000
85348,2023-02-22,YUM,129.31000
85348,2023-02-23,YUM,128.67000
85348,2023-02-24,YUM,126.83000
85348,2023-02-27,YUM,126.57000
85348,2023-02-28,YUM,127.16000
85348,2023-03-01,YUM,126.20000
85348,2023-03-02,YUM,128.67999
85348,2023-03-03,YUM,129.67000
85348,2023-03-06,YUM,129.30000
85348,2023-03-07,YUM,126.92000
85348,2023-03-08,YUM,126.78000
85348,2023-03-09,YUM,126.05000
85348,2023-03-10,YUM,124.58000
85348,2023-03-13,YUM,124.89000
85348,2023-03-14,YUM,126.70000
85348,2023-03-15,YUM,127.13000
85348,2023-03-16,YUM,128.06000
85348,2023-03-17,YUM,126.85000
85348,2023-03-20,YUM,128.88000
85348,2023-03-21,YUM,128.55000
85348,2023-03-22,YUM,127.64000
85348,2023-03-23,YUM,127.68000
85348,2023-03-24,YUM,127.83000
85348,2023-03-27,YUM,128.28999
85348,2023-03-28,YUM,128.50000
85348,2023-03-29,YUM,128.41000
85348,2023-03-30,YUM,129.33000
85348,2023-03-31,YUM,132.08000
85348,2023-04-03,YUM,133.21001
85348,2023-04-04,YUM,131.60001
85348,2023-04-05,YUM,131.94000
85348,2023-04-06,YUM,132.10001
85348,2023-04-10,YUM,131.10001
85348,2023-04-11,YUM,131.57001
85348,2023-04-12,YUM,131.98000
85348,2023-04-13,YUM,134.66000
85348,2023-04-14,YUM,134.88000
85348,2023-04-17,YUM,137.10001
85348,2023-04-18,YUM,137.58000
85348,2023-04-19,YUM,137.12000
85348,2023-04-20,YUM,137.50000
85348,2023-04-21,YUM,138.33000
85348,2023-04-24,YUM,138.89999
85348,2023-04-25,YUM,137.81000
85348,2023-04-26,YUM,138.00999
85348,2023-04-27,YUM,139.80000
85348,2023-04-28,YUM,140.58000
85348,2023-05-01,YUM,142.23000
85348,2023-05-02,YUM,142.89999
85348,2023-05-03,YUM,137.31000
85348,2023-05-04,YUM,136.32001
85348,2023-05-05,YUM,137.49001
85348,2023-05-08,YUM,136.53000
85348,2023-05-09,YUM,137.61000
85348,2023-05-10,YUM,137.74001
85348,2023-05-11,YUM,137.34000
85348,2023-05-12,YUM,138.50999
85348,2023-05-15,YUM,137.78000
85348,2023-05-16,YUM,138.78000
85348,2023-05-17,YUM,137.22000
85348,2023-05-18,YUM,138.45000
85348,2023-05-19,YUM,138.28000
85348,2023-05-22,YUM,134.91000
85348,2023-05-23,YUM,131.45000
85348,2023-05-24,YUM,130.87000
85348,2023-05-25,YUM,130.25999
85348,2023-05-26,YUM,129.86000
85348,2023-05-30,YUM,127.79000
85348,2023-05-31,YUM,128.69000
85348,2023-06-01,YUM,132.25000
85348,2023-06-02,YUM,134.53000
85348,2023-06-05,YUM,134.17000
85348,2023-06-06,YUM,132.88000
85348,2023-06-07,YUM,132.44000
85348,2023-06-08,YUM,133.20000
85348,2023-06-09,YUM,133.44000
85348,2023-06-12,YUM,134.63000
85348,2023-06-13,YUM,135.98000
85348,2023-06-14,YUM,136.35001
85348,2023-06-15,YUM,139.20000
85348,2023-06-16,YUM,138.58000
85348,2023-06-20,YUM,135.82001
85348,2023-06-21,YUM,136.74001
85348,2023-06-22,YUM,136.34000
85348,2023-06-23,YUM,135.60001
85348,2023-06-26,YUM,134.23000
85348,2023-06-27,YUM,134.28000
85348,2023-06-28,YUM,135.16000
85348,2023-06-29,YUM,137.25999
85348,2023-06-30,YUM,138.55000
85348,2023-07-03,YUM,137.27000
85348,2023-07-05,YUM,136.66000
85348,2023-07-06,YUM,133.89999
85348,2023-07-07,YUM,133.45000
85348,2023-07-10,YUM,134.81000
85348,2023-07-11,YUM,134.17000
85348,2023-07-12,YUM,135.10001
85348,2023-07-13,YUM,135.95000
85348,2023-07-14,YUM,135.56000
85348,2023-07-17,YUM,135.74001
85348,2023-07-18,YUM,133.84000
85348,2023-07-19,YUM,135.92999
85348,2023-07-20,YUM,135.88000
85348,2023-07-21,YUM,137.53999
85348,2023-07-24,YUM,137.94000
85348,2023-07-25,YUM,136.99001
85348,2023-07-26,YUM,137.30000
85348,2023-07-27,YUM,136.23000
85348,2023-07-28,YUM,136.94000
85348,2023-07-31,YUM,137.67000
85348,2023-08-01,YUM,136.36000
85348,2023-08-02,YUM,135.00000
85348,2023-08-03,YUM,135.62000
85348,2023-08-04,YUM,134.35001
85348,2023-08-07,YUM,135.11000
85348,2023-08-08,YUM,134.14000
85348,2023-08-09,YUM,133.28000
85348,2023-08-10,YUM,134.37000
85348,2023-08-11,YUM,134.20000
85348,2023-08-14,YUM,134.78999
85348,2023-08-15,YUM,132.72000
85348,2023-08-16,YUM,131.56000
85348,2023-08-17,YUM,129.92000
85348,2023-08-18,YUM,129.12000
85348,2023-08-21,YUM,128.80000
85348,2023-08-22,YUM,129.45000
85348,2023-08-23,YUM,129.39999
85348,2023-08-24,YUM,129.53999
85348,2023-08-25,YUM,129.74001
85348,2023-08-28,YUM,129.31000
85348,2023-08-29,YUM,128.89999
85348,2023-08-30,YUM,130.10001
85348,2023-08-31,YUM,129.38000
85348,2023-09-01,YUM,129.64000
85348,2023-09-05,YUM,128.67999
85348,2023-09-06,YUM,126.88000
85348,2023-09-07,YUM,127.19000
85348,2023-09-08,YUM,126.53000
85348,2023-09-11,YUM,126.74000
85348,2023-09-12,YUM,128.06000
85348,2023-09-13,YUM,129.07001
85348,2023-09-14,YUM,131.69000
85348,2023-09-15,YUM,127.99000
85348,2023-09-18,YUM,127.57000
85348,2023-09-19,YUM,126.77000
85348,2023-09-20,YUM,127.05000
85348,2023-09-21,YUM,124.69000
85348,2023-09-22,YUM,125.00000
85348,2023-09-25,YUM,124.97000
85348,2023-09-26,YUM,124.01000
85348,2023-09-27,YUM,121.98000
85348,2023-09-28,YUM,124.08000
85348,2023-09-29,YUM,124.94000
85348,2023-10-02,YUM,125.06000
85348,2023-10-03,YUM,122.99000
85348,2023-10-04,YUM,123.53000
85348,2023-10-05,YUM,121.84000
85348,2023-10-06,YUM,119.46000
85348,2023-10-09,YUM,118.91000
85348,2023-10-10,YUM,120.37000
85348,2023-10-11,YUM,118.38000
85348,2023-10-12,YUM,116.25000
85348,2023-10-13,YUM,116.88000
85348,2023-10-16,YUM,118.45000
85348,2023-10-17,YUM,119.44000
85348,2023-10-18,YUM,120.99000
85348,2023-10-19,YUM,120.56000
85348,2023-10-20,YUM,119.95000
85348,2023-10-23,YUM,118.76000
85348,2023-10-24,YUM,119.91000
85348,2023-10-25,YUM,120.31000
85348,2023-10-26,YUM,118.75000
85348,2023-10-27,YUM,119.44000
85348,2023-10-30,YUM,119.87000
85348,2023-10-31,YUM,120.86000
85348,2023-11-01,YUM,121.30000
85348,2023-11-02,YUM,124.27000
85348,2023-11-03,YUM,126.34000
85348,2023-11-06,YUM,126.39000
85348,2023-11-07,YUM,125.48000
85348,2023-11-08,YUM,125.61000
85348,2023-11-09,YUM,124.71000
85348,2023-11-10,YUM,125.95000
85348,2023-11-13,YUM,125.31000
85348,2023-11-14,YUM,127.53000
85348,2023-11-15,YUM,126.62000
85348,2023-11-16,YUM,127.83000
85348,2023-11-17,YUM,127.66000
85348,2023-11-20,YUM,128.12000
85348,2023-11-21,YUM,128.24001
85348,2023-11-22,YUM,128.94000
85348,2023-11-24,YUM,128.50999
85348,2023-11-27,YUM,127.69000
85348,2023-11-28,YUM,126.39000
85348,2023-11-29,YUM,125.52000
85348,2023-11-30,YUM,125.55000
85348,2023-12-01,YUM,127.33000
85348,2023-12-04,YUM,125.65000
85348,2023-12-05,YUM,124.38000
85348,2023-12-06,YUM,124.81000
85348,2023-12-07,YUM,124.27000
85348,2023-12-08,YUM,124.34000
85348,2023-12-11,YUM,126.63000
85348,2023-12-12,YUM,128.07001
85348,2023-12-13,YUM,130.92999
85348,2023-12-14,YUM,131.11000
85348,2023-12-15,YUM,128.64000
85348,2023-12-18,YUM,130.47000
85348,2023-12-19,YUM,130.24001
85348,2023-12-20,YUM,129.03999
85348,2023-12-21,YUM,129.98000
85348,2023-12-22,YUM,130.00000
85348,2023-12-26,YUM,130.25999
85348,2023-12-27,YUM,130.84000
85348,2023-12-28,YUM,130.52000
85348,2023-12-29,YUM,130.66000
85348,2024-01-02,YUM,129.03000
85348,2024-01-03,YUM,129.10001
85348,2024-01-04,YUM,128.69000
85348,2024-01-05,YUM,128.34000
85348,2024-01-08,YUM,128.64000
85348,2024-01-09,YUM,128.22000
85348,2024-01-10,YUM,129.20000
85348,2024-01-11,YUM,129.00000
85348,2024-01-12,YUM,129.13000
85348,2024-01-16,YUM,129.81000
85348,2024-01-17,YUM,129.08000
85348,2024-01-18,YUM,130.46001
85348,2024-01-19,YUM,132.30000
85348,2024-01-22,YUM,131.06000
85348,2024-01-23,YUM,131.75000
85348,2024-01-24,YUM,129.44000
85348,2024-01-25,YUM,130.22000
85348,2024-01-26,YUM,129.09000
85348,2024-01-29,YUM,130.55000
85348,2024-01-30,YUM,130.62000
85348,2024-01-31,YUM,129.49001
85348,2024-02-01,YUM,130.45000
85348,2024-02-02,YUM,128.75000
85348,2024-02-05,YUM,126.33000
85348,2024-02-06,YUM,127.27000
85348,2024-02-07,YUM,129.64000
85348,2024-02-08,YUM,130.39999
85348,2024-02-09,YUM,130.27000
85348,2024-02-12,YUM,131.36000
85348,2024-02-13,YUM,131.21001
85348,2024-02-14,YUM,134.00999
85348,2024-02-15,YUM,135.39999
85348,2024-02-16,YUM,134.55000
85348,2024-02-20,YUM,133.95000
85348,2024-02-21,YUM,135.23000
85348,2024-02-22,YUM,137.33000
85348,2024-02-23,YUM,138.32001
85348,2024-02-26,YUM,138.06000
85348,2024-02-27,YUM,137.03999
85348,2024-02-28,YUM,138.60001
85348,2024-02-29,YUM,138.42000
85348,2024-03-01,YUM,137.42000
85348,2024-03-04,YUM,138.55000
85348,2024-03-05,YUM,138.70000
85348,2024-03-06,YUM,139.55000
85348,2024-03-07,YUM,140.38000
85348,2024-03-08,YUM,139.56000
85348,2024-03-11,YUM,140.08000
85348,2024-03-12,YUM,140.74001
85348,2024-03-13,YUM,138.36000
85348,2024-03-14,YUM,137.16000
85348,2024-03-15,YUM,136.84000
85348,2024-03-18,YUM,136.27000
85348,2024-03-19,YUM,137.28999
85348,2024-03-20,YUM,136.50999
85348,2024-03-21,YUM,136.57001
85348,2024-03-22,YUM,136.23000
85348,2024-03-25,YUM,134.62000
85348,2024-03-26,YUM,134.80000
85348,2024-03-27,YUM,137.32001
85348,2024-03-28,YUM,138.64999
85348,2024-04-01,YUM,140.47000
85348,2024-04-02,YUM,140.71001
85348,2024-04-03,YUM,139.00999
85348,2024-04-04,YUM,136.28000
85348,2024-04-05,YUM,136.10001
85348,2024-04-08,YUM,135.22000
85348,2024-04-09,YUM,137.02000
85348,2024-04-10,YUM,137.95000
85348,2024-04-11,YUM,138.33000
85348,2024-04-12,YUM,137.80000
85348,2024-04-15,YUM,137.67000
85348,2024-04-16,YUM,138.00000
85348,2024-04-17,YUM,137.83000
85348,2024-04-18,YUM,137.87000
85348,2024-04-19,YUM,138.50000
85348,2024-04-22,YUM,139.06000
85348,2024-04-23,YUM,140.10001
85348,2024-04-24,YUM,141.81000
85348,2024-04-25,YUM,141.56000
85348,2024-04-26,YUM,141.77000
85348,2024-04-29,YUM,143.19000
85348,2024-04-30,YUM,141.25000
85348,2024-05-01,YUM,135.33000
85348,2024-05-02,YUM,135.07001
85348,2024-05-03,YUM,134.34000
85348,2024-05-06,YUM,136.17999
85348,2024-05-07,YUM,135.91000
85348,2024-05-08,YUM,136.96001
85348,2024-05-09,YUM,137.95000
85348,2024-05-10,YUM,137.62000
85348,2024-05-13,YUM,136.38000
85348,2024-05-14,YUM,137.49001
85348,2024-05-15,YUM,138.34000
85348,2024-05-16,YUM,141.66000
85348,2024-05-17,YUM,141.66000
85348,2024-05-20,YUM,139.67000
85348,2024-05-21,YUM,139.30000
85348,2024-05-22,YUM,139.13000
85348,2024-05-23,YUM,137.00999
85348,2024-05-24,YUM,137.64999
85348,2024-05-28,YUM,135.86000
85348,2024-05-29,YUM,134.67000
85348,2024-05-30,YUM,134.84000
85348,2024-05-31,YUM,137.42999
85348,2024-06-03,YUM,139.33000
85348,2024-06-04,YUM,141.53999
85348,2024-06-05,YUM,140.53000
85348,2024-06-06,YUM,140.83000
85348,2024-06-07,YUM,139.97000
85348,2024-06-10,YUM,137.81000
85348,2024-06-11,YUM,137.00999
85348,2024-06-12,YUM,137.30000
85348,2024-06-13,YUM,138.00999
85348,2024-06-14,YUM,136.78999
85348,2024-06-17,YUM,136.92000
85348,2024-06-18,YUM,135.42000
85348,2024-06-20,YUM,134.14999
85348,2024-06-21,YUM,134.28999
85348,2024-06-24,YUM,133.99001
85348,2024-06-25,YUM,132.33000
85348,2024-06-26,YUM,131.96001
85348,2024-06-27,YUM,132.61000
85348,2024-06-28,YUM,132.46001
85348,2024-07-01,YUM,129.70000
85348,2024-07-02,YUM,130.03000
85348,2024-07-03,YUM,129.58000
85348,2024-07-05,YUM,129.12000
85348,2024-07-08,YUM,127.94000
85348,2024-07-09,YUM,126.66000
85348,2024-07-10,YUM,129.17000
85348,2024-07-11,YUM,129.52000
85348,2024-07-12,YUM,131.31000
85348,2024-07-15,YUM,127.89000
85348,2024-07-16,YUM,128.92000
85348,2024-07-17,YUM,129.33000
85348,2024-07-18,YUM,128.31000
85348,2024-07-19,YUM,126.93000
85348,2024-07-22,YUM,128.61000
85348,2024-07-23,YUM,126.46000
85348,2024-07-24,YUM,125.95000
85348,2024-07-25,YUM,127.13000
85348,2024-07-26,YUM,128.05000
85348,2024-07-29,YUM,130.42999
85348,2024-07-30,YUM,132.17000
85348,2024-07-31,YUM,132.83000
85348,2024-08-01,YUM,134.50000
85348,2024-08-02,YUM,135.17999
85348,2024-08-05,YUM,133.32001
85348,2024-08-06,YUM,136.85001
85348,2024-08-07,YUM,136.42000
85348,2024-08-08,YUM,137.10001
85348,2024-08-09,YUM,136.78999
85348,2024-08-12,YUM,135.63000
85348,2024-08-13,YUM,137.59000
85348,2024-08-14,YUM,137.25999
85348,2024-08-15,YUM,137.81000
85348,2024-08-16,YUM,137.39999
85348,2024-08-19,YUM,136.69000
85348,2024-08-20,YUM,136.95000
85348,2024-08-21,YUM,137.75000
85348,2024-08-22,YUM,136.75999
85348,2024-08-23,YUM,135.52000
85348,2024-08-26,YUM,134.95000
85348,2024-08-27,YUM,134.50000
85348,2024-08-28,YUM,135.64999
85348,2024-08-29,YUM,135.25000
85348,2024-08-30,YUM,134.92000
85348,2024-09-03,YUM,133.48000
85348,2024-09-04,YUM,134.81000
85348,2024-09-05,YUM,134.50000
85348,2024-09-06,YUM,133.87000
85348,2024-09-09,YUM,133.03999
85348,2024-09-10,YUM,132.89000
85348,2024-09-11,YUM,134.03000
85348,2024-09-12,YUM,133.41000
85348,2024-09-13,YUM,133.64999
85348,2024-09-16,YUM,134.56000
85348,2024-09-17,YUM,132.35001
85348,2024-09-18,YUM,130.60001
85348,2024-09-19,YUM,131.09000
85348,2024-09-20,YUM,129.71001
85348,2024-09-23,YUM,130.37000
85348,2024-09-24,YUM,133.80000
85348,2024-09-25,YUM,133.09000
85348,2024-09-26,YUM,138.07001
85348,2024-09-27,YUM,139.92000
85348,2024-09-30,YUM,139.71001
85348,2024-10-01,YUM,139.24001
85348,2024-10-02,YUM,139.53999
85348,2024-10-03,YUM,137.21001
85348,2024-10-04,YUM,136.57001
85348,2024-10-07,YUM,135.88000
85348,2024-10-08,YUM,134.72000
85348,2024-10-09,YUM,134.75999
85348,2024-10-10,YUM,133.27000
85348,2024-10-11,YUM,134.02000
85348,2024-10-14,YUM,134.64999
85348,2024-10-15,YUM,133.22000
85348,2024-10-16,YUM,133.35001
85348,2024-10-17,YUM,133.73000
85348,2024-10-18,YUM,134.27000
85348,2024-10-21,YUM,134.00000
85348,2024-10-22,YUM,133.36000
85348,2024-10-23,YUM,134.02000
85348,2024-10-24,YUM,133.16000
85348,2024-10-25,YUM,133.03999
85348,2024-10-28,YUM,134.86000
85348,2024-10-29,YUM,133.97000
85348,2024-10-30,YUM,133.39000
85348,2024-10-31,YUM,131.16000
85348,2024-11-01,YUM,132.34000
85348,2024-11-04,YUM,132.75999
85348,2024-11-05,YUM,134.72000
85348,2024-11-06,YUM,134.37000
85348,2024-11-07,YUM,137.06000
85348,2024-11-08,YUM,137.21001
85348,2024-11-11,YUM,136.62000
85348,2024-11-12,YUM,134.61000
85348,2024-11-13,YUM,135.25999
85348,2024-11-14,YUM,136.74001
85348,2024-11-15,YUM,133.59000
85348,2024-11-18,YUM,134.00999
85348,2024-11-19,YUM,132.14000
85348,2024-11-20,YUM,132.88000
85348,2024-11-21,YUM,134.22000
85348,2024-11-22,YUM,135.27000
85348,2024-11-25,YUM,137.05000
85348,2024-11-26,YUM,138.63000
85348,2024-11-27,YUM,139.33000
85348,2024-11-29,YUM,138.94000
85348,2024-12-02,YUM,139.03000
85348,2024-12-03,YUM,137.72000
85348,2024-12-04,YUM,138.16000
85348,2024-12-05,YUM,138.13000
85348,2024-12-06,YUM,137.63000
85348,2024-12-09,YUM,139.08000
85348,2024-12-10,YUM,138.22000
85348,2024-12-11,YUM,138.53999
85348,2024-12-12,YUM,138.64000
85348,2024-12-13,YUM,137.00000
85348,2024-12-16,YUM,135.05000
85348,2024-12-17,YUM,134.73000
85348,2024-12-18,YUM,131.46001
85348,2024-12-19,YUM,130.36000
85348,2024-12-20,YUM,132.36000
85348,2024-12-23,YUM,133.86000
85348,2024-12-24,YUM,135.00000
85348,2024-12-26,YUM,136.00000
85348,2024-12-27,YUM,135.23000
85348,2024-12-30,YUM,133.52000
85348,2024-12-31,YUM,134.16000
